variable,VIF
const,3.61566828506667
log_Lag1_EVs,1.065332658788801
Population,1.0653326587888006
