variable,VIF
const,16.04972166848832
log_Lag1_Outlets,1.013453936711808
Population,1.0134539367118078
