variable,VIF
const,3.615668285066672
log_Lag1_EVs,1.065332658788801
Population,1.065332658788801
